{
  "items": [
    {
      "id": "nine_c1",
      "name": "나인 카드 1",
      "type": "공격",
      "cost": 1,
      "source": "전투원",
      "tooltip": "공격 카드 1 요약",
      "text": "나인 카드 1 효과 텍스트(예시)\n여기에 상세 효과를 적습니다."
    },
    {
      "id": "nine_c2",
      "name": "나인 카드 2",
      "type": "스킬",
      "cost": 1,
      "source": "전투원",
      "tooltip": "스킬 카드 2 요약",
      "text": "나인 카드 2 효과 텍스트(예시)\n여기에 상세 효과를 적습니다."
    },
    {
      "id": "nine_c3",
      "name": "나인 카드 3",
      "type": "공격",
      "cost": 1,
      "source": "전투원",
      "tooltip": "공격 카드 3 요약",
      "text": "나인 카드 3 효과 텍스트(예시)\n여기에 상세 효과를 적습니다."
    },
    {
      "id": "nine_c4",
      "name": "나인 카드 4",
      "type": "공격",
      "cost": 1,
      "source": "전투원",
      "tooltip": "공격 카드 4 요약",
      "text": "나인 카드 4 효과 텍스트(예시)\n여기에 상세 효과를 적습니다.",
      "shimmer": {
        "variants": [
          {
            "name": "번뜩임 1",
            "text": "나인 카드 4 번뜩임 1 효과(예시)"
          },
          {
            "name": "번뜩임 2",
            "text": "나인 카드 4 번뜩임 2 효과(예시)"
          },
          {
            "name": "번뜩임 3",
            "text": "나인 카드 4 번뜩임 3 효과(예시)"
          },
          {
            "name": "번뜩임 4",
            "text": "나인 카드 4 번뜩임 4 효과(예시)"
          },
          {
            "name": "번뜩임 5",
            "text": "나인 카드 4 번뜩임 5 효과(예시)"
          }
        ]
      }
    },
    {
      "id": "nine_c5",
      "name": "나인 카드 5",
      "type": "스킬",
      "cost": 1,
      "source": "전투원",
      "tooltip": "스킬 카드 5 요약",
      "text": "나인 카드 5 효과 텍스트(예시)\n여기에 상세 효과를 적습니다.",
      "shimmer": {
        "variants": [
          {
            "name": "번뜩임 1",
            "text": "나인 카드 5 번뜩임 1 효과(예시)"
          },
          {
            "name": "번뜩임 2",
            "text": "나인 카드 5 번뜩임 2 효과(예시)"
          },
          {
            "name": "번뜩임 3",
            "text": "나인 카드 5 번뜩임 3 효과(예시)"
          },
          {
            "name": "번뜩임 4",
            "text": "나인 카드 5 번뜩임 4 효과(예시)"
          },
          {
            "name": "번뜩임 5",
            "text": "나인 카드 5 번뜩임 5 효과(예시)"
          }
        ]
      }
    },
    {
      "id": "nine_c6",
      "name": "나인 카드 6",
      "type": "공격",
      "cost": 1,
      "source": "전투원",
      "tooltip": "공격 카드 6 요약",
      "text": "나인 카드 6 효과 텍스트(예시)\n여기에 상세 효과를 적습니다.",
      "shimmer": {
        "variants": [
          {
            "name": "번뜩임 1",
            "text": "나인 카드 6 번뜩임 1 효과(예시)"
          },
          {
            "name": "번뜩임 2",
            "text": "나인 카드 6 번뜩임 2 효과(예시)"
          },
          {
            "name": "번뜩임 3",
            "text": "나인 카드 6 번뜩임 3 효과(예시)"
          },
          {
            "name": "번뜩임 4",
            "text": "나인 카드 6 번뜩임 4 효과(예시)"
          },
          {
            "name": "번뜩임 5",
            "text": "나인 카드 6 번뜩임 5 효과(예시)"
          }
        ]
      }
    },
    {
      "id": "nine_c7",
      "name": "나인 카드 7",
      "type": "스킬",
      "cost": 1,
      "source": "전투원",
      "tooltip": "스킬 카드 7 요약",
      "text": "나인 카드 7 효과 텍스트(예시)\n여기에 상세 효과를 적습니다.",
      "shimmer": {
        "variants": [
          {
            "name": "번뜩임 1",
            "text": "나인 카드 7 번뜩임 1 효과(예시)"
          },
          {
            "name": "번뜩임 2",
            "text": "나인 카드 7 번뜩임 2 효과(예시)"
          },
          {
            "name": "번뜩임 3",
            "text": "나인 카드 7 번뜩임 3 효과(예시)"
          },
          {
            "name": "번뜩임 4",
            "text": "나인 카드 7 번뜩임 4 효과(예시)"
          },
          {
            "name": "번뜩임 5",
            "text": "나인 카드 7 번뜩임 5 효과(예시)"
          }
        ]
      }
    },
    {
      "id": "nine_c8",
      "name": "나인 카드 8",
      "type": "강화",
      "cost": 2,
      "source": "전투원",
      "tooltip": "강화 카드 8 요약",
      "text": "나인 카드 8 효과 텍스트(예시)\n여기에 상세 효과를 적습니다."
    },
    {
      "id": "orlea_c1",
      "name": "오를레아 카드 1",
      "type": "공격",
      "cost": 1,
      "source": "전투원",
      "tooltip": "공격 카드 1 요약",
      "text": "오를레아 카드 1 효과 텍스트(예시)\n여기에 상세 효과를 적습니다."
    },
    {
      "id": "orlea_c2",
      "name": "오를레아 카드 2",
      "type": "스킬",
      "cost": 1,
      "source": "전투원",
      "tooltip": "스킬 카드 2 요약",
      "text": "오를레아 카드 2 효과 텍스트(예시)\n여기에 상세 효과를 적습니다."
    },
    {
      "id": "orlea_c3",
      "name": "오를레아 카드 3",
      "type": "공격",
      "cost": 1,
      "source": "전투원",
      "tooltip": "공격 카드 3 요약",
      "text": "오를레아 카드 3 효과 텍스트(예시)\n여기에 상세 효과를 적습니다."
    },
    {
      "id": "orlea_c4",
      "name": "오를레아 카드 4",
      "type": "공격",
      "cost": 1,
      "source": "전투원",
      "tooltip": "공격 카드 4 요약",
      "text": "오를레아 카드 4 효과 텍스트(예시)\n여기에 상세 효과를 적습니다.",
      "shimmer": {
        "variants": [
          {
            "name": "번뜩임 1",
            "text": "오를레아 카드 4 번뜩임 1 효과(예시)"
          },
          {
            "name": "번뜩임 2",
            "text": "오를레아 카드 4 번뜩임 2 효과(예시)"
          },
          {
            "name": "번뜩임 3",
            "text": "오를레아 카드 4 번뜩임 3 효과(예시)"
          },
          {
            "name": "번뜩임 4",
            "text": "오를레아 카드 4 번뜩임 4 효과(예시)"
          },
          {
            "name": "번뜩임 5",
            "text": "오를레아 카드 4 번뜩임 5 효과(예시)"
          }
        ]
      }
    },
    {
      "id": "orlea_c5",
      "name": "오를레아 카드 5",
      "type": "스킬",
      "cost": 1,
      "source": "전투원",
      "tooltip": "스킬 카드 5 요약",
      "text": "오를레아 카드 5 효과 텍스트(예시)\n여기에 상세 효과를 적습니다.",
      "shimmer": {
        "variants": [
          {
            "name": "번뜩임 1",
            "text": "오를레아 카드 5 번뜩임 1 효과(예시)"
          },
          {
            "name": "번뜩임 2",
            "text": "오를레아 카드 5 번뜩임 2 효과(예시)"
          },
          {
            "name": "번뜩임 3",
            "text": "오를레아 카드 5 번뜩임 3 효과(예시)"
          },
          {
            "name": "번뜩임 4",
            "text": "오를레아 카드 5 번뜩임 4 효과(예시)"
          },
          {
            "name": "번뜩임 5",
            "text": "오를레아 카드 5 번뜩임 5 효과(예시)"
          }
        ]
      }
    },
    {
      "id": "orlea_c6",
      "name": "오를레아 카드 6",
      "type": "공격",
      "cost": 1,
      "source": "전투원",
      "tooltip": "공격 카드 6 요약",
      "text": "오를레아 카드 6 효과 텍스트(예시)\n여기에 상세 효과를 적습니다.",
      "shimmer": {
        "variants": [
          {
            "name": "번뜩임 1",
            "text": "오를레아 카드 6 번뜩임 1 효과(예시)"
          },
          {
            "name": "번뜩임 2",
            "text": "오를레아 카드 6 번뜩임 2 효과(예시)"
          },
          {
            "name": "번뜩임 3",
            "text": "오를레아 카드 6 번뜩임 3 효과(예시)"
          },
          {
            "name": "번뜩임 4",
            "text": "오를레아 카드 6 번뜩임 4 효과(예시)"
          },
          {
            "name": "번뜩임 5",
            "text": "오를레아 카드 6 번뜩임 5 효과(예시)"
          }
        ]
      }
    },
    {
      "id": "orlea_c7",
      "name": "오를레아 카드 7",
      "type": "스킬",
      "cost": 1,
      "source": "전투원",
      "tooltip": "스킬 카드 7 요약",
      "text": "오를레아 카드 7 효과 텍스트(예시)\n여기에 상세 효과를 적습니다.",
      "shimmer": {
        "variants": [
          {
            "name": "번뜩임 1",
            "text": "오를레아 카드 7 번뜩임 1 효과(예시)"
          },
          {
            "name": "번뜩임 2",
            "text": "오를레아 카드 7 번뜩임 2 효과(예시)"
          },
          {
            "name": "번뜩임 3",
            "text": "오를레아 카드 7 번뜩임 3 효과(예시)"
          },
          {
            "name": "번뜩임 4",
            "text": "오를레아 카드 7 번뜩임 4 효과(예시)"
          },
          {
            "name": "번뜩임 5",
            "text": "오를레아 카드 7 번뜩임 5 효과(예시)"
          }
        ]
      }
    },
    {
      "id": "orlea_c8",
      "name": "오를레아 카드 8",
      "type": "강화",
      "cost": 2,
      "source": "전투원",
      "tooltip": "강화 카드 8 요약",
      "text": "오를레아 카드 8 효과 텍스트(예시)\n여기에 상세 효과를 적습니다."
    },
    {
      "id": "neutral_1",
      "name": "중립카드 1",
      "type": "스킬",
      "cost": 1,
      "source": "중립",
      "tooltip": "중립카드 요약",
      "text": "중립카드 상세 효과(예시)"
    },
    {
      "id": "neutral_2",
      "name": "중립카드 2",
      "type": "강화",
      "cost": 2,
      "source": "중립",
      "tooltip": "중립카드 요약",
      "text": "중립카드 상세 효과(예시)"
    },
    {
      "id": "neutral_3",
      "name": "중립카드 3",
      "type": "공격",
      "cost": 0,
      "source": "중립",
      "tooltip": "중립카드 요약",
      "text": "중립카드 상세 효과(예시)"
    },
    {
      "id": "neutral_4",
      "name": "중립카드 4",
      "type": "스킬",
      "cost": 1,
      "source": "중립",
      "tooltip": "중립카드 요약",
      "text": "중립카드 상세 효과(예시)"
    },
    {
      "id": "neutral_5",
      "name": "중립카드 5",
      "type": "강화",
      "cost": 2,
      "source": "중립",
      "tooltip": "중립카드 요약",
      "text": "중립카드 상세 효과(예시)"
    },
    {
      "id": "neutral_6",
      "name": "중립카드 6",
      "type": "공격",
      "cost": 0,
      "source": "중립",
      "tooltip": "중립카드 요약",
      "text": "중립카드 상세 효과(예시)"
    },
    {
      "id": "neutral_7",
      "name": "중립카드 7",
      "type": "스킬",
      "cost": 1,
      "source": "중립",
      "tooltip": "중립카드 요약",
      "text": "중립카드 상세 효과(예시)"
    },
    {
      "id": "neutral_8",
      "name": "중립카드 8",
      "type": "강화",
      "cost": 2,
      "source": "중립",
      "tooltip": "중립카드 요약",
      "text": "중립카드 상세 효과(예시)"
    },
    {
      "id": "neutral_9",
      "name": "중립카드 9",
      "type": "공격",
      "cost": 0,
      "source": "중립",
      "tooltip": "중립카드 요약",
      "text": "중립카드 상세 효과(예시)"
    },
    {
      "id": "neutral_10",
      "name": "중립카드 10",
      "type": "스킬",
      "cost": 1,
      "source": "중립",
      "tooltip": "중립카드 요약",
      "text": "중립카드 상세 효과(예시)"
    },
    {
      "id": "neutral_11",
      "name": "중립카드 11",
      "type": "강화",
      "cost": 2,
      "source": "중립",
      "tooltip": "중립카드 요약",
      "text": "중립카드 상세 효과(예시)"
    },
    {
      "id": "neutral_12",
      "name": "중립카드 12",
      "type": "공격",
      "cost": 0,
      "source": "중립",
      "tooltip": "중립카드 요약",
      "text": "중립카드 상세 효과(예시)"
    },
    {
      "id": "neutral_13",
      "name": "중립카드 13",
      "type": "스킬",
      "cost": 1,
      "source": "중립",
      "tooltip": "중립카드 요약",
      "text": "중립카드 상세 효과(예시)"
    },
    {
      "id": "neutral_14",
      "name": "중립카드 14",
      "type": "강화",
      "cost": 2,
      "source": "중립",
      "tooltip": "중립카드 요약",
      "text": "중립카드 상세 효과(예시)"
    },
    {
      "id": "neutral_15",
      "name": "중립카드 15",
      "type": "공격",
      "cost": 0,
      "source": "중립",
      "tooltip": "중립카드 요약",
      "text": "중립카드 상세 효과(예시)"
    },
    {
      "id": "neutral_16",
      "name": "중립카드 16",
      "type": "스킬",
      "cost": 1,
      "source": "중립",
      "tooltip": "중립카드 요약",
      "text": "중립카드 상세 효과(예시)"
    },
    {
      "id": "neutral_17",
      "name": "중립카드 17",
      "type": "강화",
      "cost": 2,
      "source": "중립",
      "tooltip": "중립카드 요약",
      "text": "중립카드 상세 효과(예시)"
    },
    {
      "id": "neutral_18",
      "name": "중립카드 18",
      "type": "공격",
      "cost": 0,
      "source": "중립",
      "tooltip": "중립카드 요약",
      "text": "중립카드 상세 효과(예시)"
    },
    {
      "id": "neutral_19",
      "name": "중립카드 19",
      "type": "스킬",
      "cost": 1,
      "source": "중립",
      "tooltip": "중립카드 요약",
      "text": "중립카드 상세 효과(예시)"
    },
    {
      "id": "neutral_20",
      "name": "중립카드 20",
      "type": "강화",
      "cost": 2,
      "source": "중립",
      "tooltip": "중립카드 요약",
      "text": "중립카드 상세 효과(예시)"
    }
  ]
}