{
  "lastUpdated": "2026-02-15",
  "items": [
    {
      "id": "Blue_Pot",
      "name": "Blue_Pot",
      "thumb": "assets/img/chaos/Blue_Pot.webp",
      "tags": [],
      "recommendedUnits": [],
      "neutralCards": [],
      "events": [],
      "gear": []
    },
    {
      "id": "Burning_Life",
      "name": "Burning_Life",
      "thumb": "assets/img/chaos/Burning_Life.webp",
      "tags": [],
      "recommendedUnits": [],
      "neutralCards": [],
      "events": [],
      "gear": []
    },
    {
      "id": "City_of_Mist",
      "name": "City_of_Mist",
      "thumb": "assets/img/chaos/City_of_Mist.webp",
      "tags": [],
      "recommendedUnits": [],
      "neutralCards": [],
      "events": [],
      "gear": []
    },
    {
      "id": "Laboratory_0",
      "name": "Laboratory_0",
      "thumb": "assets/img/chaos/Laboratory_0.webp",
      "tags": [],
      "recommendedUnits": [],
      "neutralCards": [],
      "events": [],
      "gear": []
    },
    {
      "id": "Shadow_of_the_Twin_Stars",
      "name": "Shadow_of_the_Twin_Stars",
      "thumb": "assets/img/chaos/Shadow_of_the_Twin_Stars.webp",
      "tags": [],
      "recommendedUnits": [],
      "neutralCards": [],
      "events": [],
      "gear": []
    },
    {
      "id": "Swamp_of_Judgement",
      "name": "Swamp_of_Judgement",
      "thumb": "assets/img/chaos/Swamp_of_Judgement.webp",
      "tags": [],
      "recommendedUnits": [],
      "neutralCards": [],
      "events": [],
      "gear": []
    },
    {
      "id": "The_Foretold_Ruin",
      "name": "The_Foretold_Ruin",
      "thumb": "assets/img/chaos/The_Foretold_Ruin.webp",
      "tags": [],
      "recommendedUnits": [],
      "neutralCards": [],
      "events": [],
      "gear": []
    }
  ]
}